"Brand","Profile","Price"
"Continental","",""
"","205/55 R16 91H",""
"","","74"," Euro"
"","","68"," Euro"
"","","61"," Euro"
"","","63"," Euro"
"","","48"," Euro"
"","","48"," Euro"
"","","48"," Euro"
"","","49"," Euro"
"","","56"," Euro"
"","","59"," Euro"
"","","60"," Euro"
"","","60"," Euro"
"Dunlop","",""
"","205/55 R16 91H",""
"","","74"," Euro"
"","","68"," Euro"
"","","61"," Euro"
"","","63"," Euro"
"","","48"," Euro"
"","","48"," Euro"
"","","48"," Euro"
"","","49"," Euro"
"","","56"," Euro"
"","","59"," Euro"
"","","60"," Euro"
"","","60"," Euro"
"Vredestein","",""
"","205/55 R16 91H",""
"","","74"," Euro"
"","","68"," Euro"
"","","61"," Euro"
"","","63"," Euro"
"","","48"," Euro"
"","","48"," Euro"
"","","48"," Euro"
"","","49"," Euro"
"","","56"," Euro"
"","","59"," Euro"
"","","60"," Euro"
"","","60"," Euro"
"Nokian","",""
"","205/55 R16 91H",""
"","","74"," Euro"
"","","68"," Euro"
"","","61"," Euro"
"","","63"," Euro"
"","","48"," Euro"
"","","48"," Euro"
"","","48"," Euro"
"","","49"," Euro"
"","","56"," Euro"
"","","59"," Euro"
"","","60"," Euro"
"","","60"," Euro"
"Kumho","",""
"","205/55 R16 91H",""
"","","74"," Euro"
"","","68"," Euro"
"","","61"," Euro"
"","","63"," Euro"
"","","48"," Euro"
"","","48"," Euro"
"","","48"," Euro"
"","","49"," Euro"
"","","56"," Euro"
"","","59"," Euro"
"","","60"," Euro"
"","","60"," Euro"
"Apollo","",""
"","205/55 R16 91H",""
"","","74"," Euro"
"","","68"," Euro"
"","","61"," Euro"
"","","63"," Euro"
"","","48"," Euro"
"","","48"," Euro"
"","","48"," Euro"
"","","49"," Euro"
"","","56"," Euro"
"","","59"," Euro"
"","","60"," Euro"
"","","60"," Euro"
"Apollo","",""
"","205/55 R16 91H",""
"","","74"," Euro"
"","","68"," Euro"
"","","61"," Euro"
"","","63"," Euro"
"","","48"," Euro"
"","","48"," Euro"
"","","48"," Euro"
"","","49"," Euro"
"","","56"," Euro"
"","","59"," Euro"
"","","60"," Euro"
"","","60"," Euro"
"Kumho","",""
"","205/55 R16 91H",""
"","","74"," Euro"
"","","68"," Euro"
"","","61"," Euro"
"","","63"," Euro"
"","","48"," Euro"
"","","48"," Euro"
"","","48"," Euro"
"","","49"," Euro"
"","","56"," Euro"
"","","59"," Euro"
"","","60"," Euro"
"","","60"," Euro"
"Yokohama","",""
"","205/55 R16 91H",""
"","","74"," Euro"
"","","68"," Euro"
"","","61"," Euro"
"","","63"," Euro"
"","","48"," Euro"
"","","48"," Euro"
"","","48"," Euro"
"","","49"," Euro"
"","","56"," Euro"
"","","59"," Euro"
"","","60"," Euro"
"","","60"," Euro"
"Kumho","",""
"","205/55 R16 91H",""
"","","74"," Euro"
"","","68"," Euro"
"","","61"," Euro"
"","","63"," Euro"
"","","48"," Euro"
"","","48"," Euro"
"","","48"," Euro"
"","","49"," Euro"
"","","56"," Euro"
"","","59"," Euro"
"","","60"," Euro"
"","","60"," Euro"
"Uniroyal","",""
"","205/55 R16 91H",""
"","","74"," Euro"
"","","68"," Euro"
"","","61"," Euro"
"","","63"," Euro"
"","","48"," Euro"
"","","48"," Euro"
"","","48"," Euro"
"","","49"," Euro"
"","","56"," Euro"
"","","59"," Euro"
"","","60"," Euro"
"","","60"," Euro"
"Hankook","",""
"","205/55 R16 91H",""
"","","74"," Euro"
"","","68"," Euro"
"","","61"," Euro"
"","","63"," Euro"
"","","48"," Euro"
"","","48"," Euro"
"","","48"," Euro"
"","","49"," Euro"
"","","56"," Euro"
"","","59"," Euro"
"","","60"," Euro"
"","","60"," Euro"
